ID,Name,Age,Email,Country
885,Name238,63,user498@example.com,Canada
573,Name434,50,user197@example.com,Canada
100,Name484,24,user64@example.com,France
580,Name303,60,user768@example.com,UK
846,Name132,57,user829@example.com,UK
553,Name921,77,user683@example.com,USA
322,Name843,37,user525@example.com,Canada
344,Name697,62,user820@example.com,Canada
761,Name563,25,user230@example.com,Germany
182,Name250,78,user89@example.com,France
473,Name927,59,user254@example.com,Germany
636,Name830,20,user814@example.com,Germany
52,Name793,41,user793@example.com,Germany
583,Name88,57,user306@example.com,UK
656,Name275,20,user479@example.com,Germany
339,Name340,21,user416@example.com,UK
333,Name72,63,user671@example.com,USA
537,Name834,80,user806@example.com,USA
185,Name862,54,user790@example.com,USA
830,Name411,51,user630@example.com,Germany
657,Name105,56,user881@example.com,France
73,Name238,27,user772@example.com,UK
991,Name465,69,user79@example.com,UK
838,Name122,74,user585@example.com,France
159,Name882,51,user394@example.com,Canada
528,Name34,20,user346@example.com,France
976,Name614,48,user895@example.com,Germany
298,Name90,45,user327@example.com,Germany
987,Name947,41,user782@example.com,Canada
818,Name127,73,user809@example.com,USA
906,Name872,36,user810@example.com,France
31,Name938,55,user522@example.com,Canada
252,Name613,27,user101@example.com,USA
194,Name803,47,user767@example.com,UK
783,Name156,42,user493@example.com,France
234,Name722,64,user464@example.com,USA
901,Name615,45,user584@example.com,UK
651,Name233,65,user284@example.com,Canada
500,Name744,37,user112@example.com,Germany
740,Name340,28,user927@example.com,France
713,Name477,60,user417@example.com,Canada
933,Name26,80,user400@example.com,France
719,Name390,34,user760@example.com,USA
16,Name82,65,user714@example.com,USA
766,Name935,59,user665@example.com,Germany
631,Name207,31,user353@example.com,Germany
123,Name869,47,user569@example.com,France
157,Name643,20,user824@example.com,Canada
512,Name820,21,user733@example.com,France
812,Name180,20,user365@example.com,USA
297,Name134,42,user125@example.com,USA
620,Name729,32,user459@example.com,Canada
162,Name73,57,user82@example.com,UK
722,Name961,29,user17@example.com,USA
451,Name318,69,user794@example.com,France
188,Name437,65,user635@example.com,UK
291,Name146,22,user29@example.com,France
530,Name114,19,user512@example.com,Germany
202,Name82,34,user755@example.com,Germany
345,Name284,51,user684@example.com,Germany
736,Name526,21,user734@example.com,UK
697,Name482,57,user681@example.com,Germany
954,Name447,77,user280@example.com,France
461,Name825,22,user719@example.com,Canada
882,Name892,77,user301@example.com,USA
518,Name958,47,user894@example.com,Canada
610,Name193,24,user759@example.com,France
695,Name460,56,user847@example.com,UK
936,Name462,70,user492@example.com,USA
14,Name950,71,user113@example.com,Germany
675,Name756,35,user817@example.com,USA
569,Name362,20,user782@example.com,Canada
530,Name287,22,user911@example.com,USA
582,Name477,65,user719@example.com,Germany
252,Name118,55,user401@example.com,Canada
546,Name89,20,user34@example.com,Canada
588,Name468,80,user563@example.com,USA
112,Name242,23,user619@example.com,Canada
623,Name893,41,user66@example.com,UK
475,Name438,34,user483@example.com,UK
566,Name890,73,user877@example.com,USA
351,Name135,24,user719@example.com,UK
16,Name727,20,user858@example.com,USA
89,Name148,65,user855@example.com,USA
909,Name967,77,user523@example.com,France
565,Name931,29,user763@example.com,USA
180,Name330,79,user656@example.com,Canada
176,Name677,19,user385@example.com,UK
293,Name878,21,user513@example.com,UK
646,Name548,80,user224@example.com,France
681,Name116,39,user123@example.com,USA
896,Name754,73,user728@example.com,Canada
32,Name420,50,user457@example.com,USA
635,Name453,42,user660@example.com,UK
47,Name964,64,user744@example.com,UK
487,Name456,38,user725@example.com,USA
70,Name816,68,user817@example.com,Germany
411,Name180,30,user330@example.com,France
79,Name645,18,user638@example.com,Canada
447,Name53,51,user940@example.com,Canada
